{
    "-1": 127.37291,
    "-2": 108.57452,
    "-3": 98.91274,
    "-4": 92.12203,
    "-5": 85.699425,
    "-6": 78.515594,
    "-7": 69.13411,
    "-8": 63.08968,
    "-9": 59.257412,
    "-10": 55.827835,
    "-11": 49.564957,
    "-12": 42.54675,
    "-13": 35.513145,
    "-14": 30.221624,
    "-15": 24.825901,
    "-16": 22.730692,
    "-17": 19.574652,
    "-18": 16.386223,
    "-19": 12.808363,
    "-20": 8.831123,
    "-21": 5.343641,
    "-22": 4.2462177,
    "-23": 2.6563513,
    "-24": 1.437823,
    "-25": 1.1685266,
    "-26": 0.8501106,
    "-27": 0.5028557,
    "-28": 0.21760464,
    "-29": 0.13767317,
    "-30": 0.083911985,
    "-31": 0.043330923
}
